{
  "softmax": {
    "per_layer_per_head": [
      [
        0.0,
        0.0,
        0.0,
        0.0,
        0.0,
        0.0,
        0.0,
        0.0,
        0.0,
        0.0,
        0.0,
        0.0
      ],
      [
        0.0,
        0.0,
        0.0,
        0.0,
        0.0,
        0.0,
        0.0,
        0.0,
        0.0,
        0.0,
        4.9591064453125e-05,
        0.0
      ],
      [
        0.0,
        0.0,
        0.0,
        0.0,
        0.0,
        0.0,
        0.0,
        0.0,
        0.0,
        0.0,
        0.0,
        0.0
      ],
      [
        0.0,
        0.0,
        0.0,
        0.0,
        0.0,
        0.0,
        0.0,
        0.0,
        0.0,
        0.0,
        0.0,
        0.0
      ],
      [
        0.0,
        0.0,
        0.0,
        0.0,
        0.0,
        0.0,
        5.340576171875e-05,
        0.0,
        0.0,
        0.0,
        0.0,
        0.0
      ],
      [
        0.0,
        0.0,
        0.0,
        0.0,
        0.0,
        0.0,
        0.0,
        0.0,
        0.0,
        0.0,
        0.0,
        0.0
      ],
      [
        0.0,
        0.0,
        8.392333984375e-05,
        0.0,
        0.0,
        0.0,
        0.0,
        0.0,
        0.0,
        0.5296344757080078,
        0.0,
        0.0
      ],
      [
        0.0,
        0.0,
        0.0,
        0.0,
        0.0,
        0.0,
        0.0,
        0.0,
        0.0,
        0.0,
        0.0,
        0.0
      ],
      [
        0.0,
        0.0,
        0.0,
        0.0,
        0.0,
        0.0,
        0.0,
        0.0,
        0.0,
        0.0,
        0.0,
        0.0
      ],
      [
        0.0,
        0.0,
        0.0,
        0.0,
        0.0,
        0.0,
        0.0,
        0.0,
        0.0,
        0.0,
        0.0,
        0.0
      ],
      [
        0.0,
        0.0,
        0.0,
        0.0,
        0.0,
        0.0,
        0.0,
        0.0,
        0.0,
        0.0,
        0.0,
        0.0
      ],
      [
        0.0,
        0.0,
        0.0,
        0.0,
        0.0,
        0.0,
        0.0,
        0.0,
        0.0,
        0.0,
        0.0,
        0.0
      ]
    ],
    "overall_mean": 0.0036793152491251626
  },
  "sparsemax": {
    "per_layer_per_head": [
      [
        0.9643955230712891,
        0.9191131591796875,
        0.8775730133056641,
        0.9157371520996094,
        0.9208946228027344,
        0.9118976593017578,
        0.8452548980712891,
        0.9213237762451172,
        0.9094619750976562,
        0.8828849792480469,
        0.9048519134521484,
        0.8965206146240234
      ],
      [
        0.9818305969238281,
        0.9728775024414062,
        0.9744758605957031,
        0.98065185546875,
        0.9742259979248047,
        0.9691181182861328,
        0.9768009185791016,
        0.9425983428955078,
        0.9826335906982422,
        0.9801082611083984,
        0.9562282562255859,
        0.9936580657958984
      ],
      [
        0.99298095703125,
        0.9870948791503906,
        0.9962215423583984,
        0.9970149993896484,
        0.9824943542480469,
        0.9943618774414062,
        0.9494380950927734,
        0.9964694976806641,
        0.9927902221679688,
        0.9892539978027344,
        0.9966526031494141,
        0.996856689453125
      ],
      [
        0.9700984954833984,
        0.9861793518066406,
        0.9969596862792969,
        0.9967002868652344,
        0.9839134216308594,
        0.9978046417236328,
        0.9976615905761719,
        0.9969043731689453,
        0.9940605163574219,
        0.9946079254150391,
        0.997161865234375,
        0.9968338012695312
      ],
      [
        0.9954166412353516,
        0.9904289245605469,
        0.9966869354248047,
        0.9989814758300781,
        0.9978294372558594,
        0.9955768585205078,
        0.9964561462402344,
        0.9940853118896484,
        0.9961051940917969,
        0.9975795745849609,
        0.9960556030273438,
        0.9710044860839844
      ],
      [
        0.994171142578125,
        0.9952259063720703,
        0.9965610504150391,
        0.9887447357177734,
        0.9940147399902344,
        0.993316650390625,
        0.9966983795166016,
        0.9972209930419922,
        0.9979782104492188,
        0.995880126953125,
        0.997100830078125,
        0.9910449981689453
      ],
      [
        0.9969425201416016,
        0.9971847534179688,
        0.9958152770996094,
        0.9966335296630859,
        0.9941673278808594,
        0.9963207244873047,
        0.9927940368652344,
        0.9774436950683594,
        0.9972038269042969,
        0.99365234375,
        0.9963283538818359,
        0.9935073852539062
      ],
      [
        0.9878139495849609,
        0.9917011260986328,
        0.9938983917236328,
        0.9881801605224609,
        0.9953117370605469,
        0.9922447204589844,
        0.9864711761474609,
        0.9683513641357422,
        0.9831371307373047,
        0.9968852996826172,
        0.9844493865966797,
        0.9920387268066406
      ],
      [
        0.9936046600341797,
        0.9951877593994141,
        0.9946956634521484,
        0.9932117462158203,
        0.9910125732421875,
        0.9936561584472656,
        0.9873027801513672,
        0.9972896575927734,
        0.9917488098144531,
        0.9944095611572266,
        0.9948139190673828,
        0.9959449768066406
      ],
      [
        0.9918975830078125,
        0.9957160949707031,
        0.9918174743652344,
        0.9964599609375,
        0.9868755340576172,
        0.9763736724853516,
        0.9876461029052734,
        0.9955615997314453,
        0.9921855926513672,
        0.9945087432861328,
        0.9897270202636719,
        0.9898014068603516
      ],
      [
        0.9820499420166016,
        0.9893112182617188,
        0.9880905151367188,
        0.9889202117919922,
        0.9913654327392578,
        0.9909763336181641,
        0.9856128692626953,
        0.9901905059814453,
        0.9901256561279297,
        0.988433837890625,
        0.9939460754394531,
        0.9916000366210938
      ],
      [
        0.9917774200439453,
        0.9918479919433594,
        0.9890689849853516,
        0.9865055084228516,
        0.9882144927978516,
        0.9878730773925781,
        0.9849491119384766,
        0.9880580902099609,
        0.9940681457519531,
        0.9876480102539062,
        0.9890155792236328,
        0.9939079284667969
      ]
    ],
    "overall_mean": 0.9829394419987997
  },